Vek;Pohlavie (1-žena, 0-muž);Koľko hodín týždenne robíte fyzickú aktivitu;Pracujete popri štúdiu? (1 - áno, 0 - nie);Koľko hodín týždenne robíte neplatenú prácu popri štúdiu;Najvyššie dosiahnuté vzdelanie otca (1 - základné, 2 - stredoškolské a 3 - vysokoškolské);Najvyššie dosiahnuté vzdelanie matky (1 - základné, 2 - stredoškolské a 3 - vysokoškolské);Koľko hodín spíte v priemere;Koľko km je od Vášho domu ku fakulte?;Koľkokrát do týždňa využívate verejnú dopravu na cestu do školy?;Koľkokrát do týždňa využívate súkromnú dopravu na cestu do školy?;Koľkokrát do týždňa využívate chôdzu na cestu do školy?;Koľkokrát do týždňa využívate bicykel na cestu do školy?;Je dôležitá fyzická aktivita pre zdravie? (1- úplne súhlasím, 2-súhlasím, 3-neutrálny postoj, 4-nesúhlasím, 5- úplne nesúhlasím);Som motivovaný vykonávať fyzickú aktivitu? (1- úplne súhlasím, 2-súhlasím, 3-neutrálny postoj, 4-nesúhlasím, 5- úplne nesúhlasím);Fajčíte? (1-každý deň, 2-niekedy, 0-nie);Fajčili ste v minulosti? (1-každý deň, 2-niekedy, 0-nie);Ako často konzumujete alkohol? (0-nikdy, 1-raz za týždeň, 2-raz za mesiac, 3-výnimočne);Koľko minút ste počas minulého týždňa venovali náročnej fyzickej aktivite? (heavylifting, vysoké tempo pri behu alebo bicyklovaní);Koľko minút ste počas minulého týždňa venovali mierne náročnej fyzickej aktivite? ;Koľko minút ste počas minulého týždňa venovali nenáročnej fyzickej aktivite? ;Koľko minút ste strávili sedením za posledných 7 dní?
19;0;0;0;0;1;1;8,5;4;4;2;0;0;1;5;0;0;0;0;90;60;360
20;0;5;0;0;2;3;8;1,5;0;0;5;0;1;1;1;2;1;75;60;40;240
19;1;2;1;5;3;3;8;2;0;0;10;0;1;2;0;0;2;60;300;120;600
21;0;0;0;0;2;2;8,5;16;7;0;0;0;1;1;0;1;1;120;0;30;360
22;0;4;0;0;3;1;8;0,3;0;0;8;0;1;1;1;1;1;120;180;15;420
20;0;5;1;6;1;1;8,5;1;0;10;5;0;1;1;0;2;1;60;600;30;420
19;0;8;0;0;1;2;8;1;0;0;10;0;1;2;0;0;2;120;120;120;420
19;0;6;1;0;1;2;8,5;35;5;0;0;0;1;2;0;0;1;30;60;20;360
19;0;10;0;5;1;1;8,5;1;1;2;10;7;1;1;0;0;0;120;120;180;360
20;0;14;1;6;2;2;9;1;3;8;4;7;1;1;0;0;2;150;150;150;420
19;1;7;0;0;2;3;9,5;1;3;0;10;0;1;1;0;0;3;90;30;30;2520
21;1;0;1;0;3;2;9;8;3;0;0;0;5;4;0;2;0;0;0;0;5160
20;0;0;0;0;1;3;9;20;5;1;0;0;1;1;0;0;2;120;0;20;600
19;0;10;0;0;2;2;12;14;1;3;4;8;5;4;2;0;3;75;88;120;420
20;1;5;0;0;2;2;8;4;0;0;1;9;1;2;0;2;1;60;60;15;180
19;0;6;1;0;3;3;8,5;0;10;0;0;0;1;1;0;0;2;120;0;15;420
19;0;4,5;0;4;3;3;8;45;10;0;2;8;1;2;0;0;1;360;0;120;600
18;1;6;1;6;2;2;8,5;0,1;2;4;8;8;1;1;0;0;3;60;30;15;600
19;1;0;1;0;2;2;7,5;6;9;5;3;8;2;2;0;0;2;360;360;150;240
20;0;4,5;0;0;1;1;10;50;0;7;0;0;1;1;0;0;2;90;0;15;120
19;0;8;0;0;1;2;9,5;7,5;10;0;0;0;1;2;0;0;1;90;60;30;60
20;1;0;0;0;1;3;8,5;1;1;0;7;0;1;2;0;2;1;60;120;120;420
19;1;9;0;0;2;2;7,5;2;0;0;10;0;1;1;2;1;1;105;60;120;420
19;1;0;1;10;2;3;7;4,5;5;4;3;3;2;3;0;0;2;0;60;120;360
19;0;6;0;0;1;1;7,5;5;10;1;3;6;1;1;0;0;1;360;120;220;1200
20;0;9;0;8;3;3;8;3;10;3;7;3;1;1;0;0;3;150;150;20;420
20;0;8;0;0;2;2;9;5;10;0;0;1;1;2;0;0;0;480;120;180;720
20;0;4,5;0;0;1;1;10;50;0;7;0;0;1;1;0;0;2;90;0;15;120
19;0;0;0;0;2;3;6,5;4;9;1;0;0;1;2;0;0;0;0;0;300;10000
20;1;0;0;4,5;1;3;9;0;5;0;0;6;2;3;0;0;1;30;30;60;240
19;1;4;1;0;3;3;8,5;4,3;2;0;0;0;1;1;0;0;3;60;0;20;280
19;1;0;0;0;1;2;8,5;6;10;0;0;0;1;1;0;0;3;90;0;60;360
20;0;8;0;0;2;2;9,5;1,5;0;0;5;0;1;1;0;0;3;90;30;120;3900
19;1;0;0;0;2;1;6,5;1;0;0;10;0;1;2;2;0;1;0;180;40;1260
19;0;0;0;0;3;3;8;42;10;0;0;0;1;3;0;0;2;0;0;40;270
19;1;0;0;3;3;3;7,5;42;5;0;0;0;1;3;0;0;3;30;60;60;120
19;0;9;0;0;3;3;8;45;2;0;0;0;1;1;0;2;3;90;120;60;480
19;0;0;0;0;2;3;8;10;7;0;0;0;1;4;0;2;1;0;0;20;270
19;1;4;0;4,5;3;3;9;0,5;0;0;5;0;1;1;0;0;0;90;60;20;120
19;0;14;0;26;2;3;8;3;0;0;10;2;1;1;0;0;3;90;90;50;540
21;1;3;1;21;3;2;7;45;5;1;5;0;1;2;2;2;2;360;340;15;144
19;1;0;0;0;2;3;8,5;6;0;5;0;0;1;1;0;0;3;0;60;60;420
20;0;7;0;0;1;1;8;5;5;0;0;0;2;2;0;0;3;90;300;30;480
20;0;9;1;0;2;3;8,5;50;2;0;0;0;1;1;0;0;1;105;240;20;3500
20;1;16;0;0;2;2;8,5;30;0;5;0;0;1;1;0;0;3;600;180;60;600
20;1;0;0;0;2;2;8;1;0;0;10;0;1;3;0;0;3;0;60;40;480
20;1;10;0;0;3;2;8;1;5;0;1;0;1;2;0;0;3;5;240;30;420
19;1;0;0;4;3;3;9,5;3;4;2;0;0;1;2;0;0;2;180;180;20;480
20;1;0;0;0;2;3;4;1;0;0;10;0;1;3;0;0;1;60;0;;240
43;0;6;1;4;1;1;8,5;35;0;5;0;0;1;1;0;0;3;90;90;120;360
20;1;4;1;0;3;3;8,5;1;2;0;3;0;1;1;1;2;3;160;300;30;
25;1;11;0;3;2;2;7;9;10;1;0;0;1;1;1;1;3;150;90;20;360
19;0;7,5;1;0;1;3;8;2;0;0;6;0;1;1;0;0;1;120;140;35;360
25;0;0;1;0;2;2;8;35;3;4;0;0;1;1;0;0;0;720;660;60;180
41;0;6;1;0;1;1;9;3;2;2;3;0;2;2;0;0;2;1200;300;120;600
19;0;7;0;0;3;3;8,5;2;1;0;5;3;1;1;0;0;2;20;15;15;360
19;1;24;1;0;2;2;7,5;5;7;10;0;0;1;1;0;0;2;210;0;30;780
19;0;8;0;0;2;3;13,5;1;3;0;10;0;1;2;0;0;2;90;60;90;120
41;1;0;1;1;1;1;8;11;0;2;0;0;1;4;0;0;0;60;60;60;360
25;0;0;1;0;2;1;9;4;0;5;0;0;1;2;0;0;2;0;24;420;600
20;1;4;0;8;2;3;7,5;5,1;10;0;1;0;1;3;0;0;3;150;120;90;540
19;1;3;0;0;2;2;9;2;0;0;5;0;1;1;0;0;2;60;330;50;450
21;0;6;1;0;2;2;13;2;0;0;0;10;1;2;0;0;1;60;180;60;300
19;0;0;0;0;3;2;8,5;2;0;0;5;0;1;3;0;0;2;0;60;60;600
19;0;0;0;0;2;3;7;15;0;7;0;0;1;2;0;0;3;0;0;120;720
20;1;0;0;0;1;1;8;25;5;0;0;0;2;4;0;0;1;0;0;60;600
19;1;0;0;0;3;2;8;1,5;1;1;10;0;1;3;0;0;2;240;120;90;480
20;0;20;0;0;2;2;8;60;10;1;0;0;1;1;0;0;0;60;90;30;360
19;1;22;0;0;3;3;9,5;0;0;0;10;0;1;1;0;0;3;660;300;0;
22;1;0;0;0;3;3;9,5;30;5;0;0;0;1;3;0;0;3;0;120;120;300
19;1;4;0;0;2;1;7,5;1,4;0;0;10;0;1;2;0;1;1;240;0;60;900
19;1;5;0;0;2;3;8;5;5;0;0;0;1;1;0;0;2;0;180;15;600
19;1;0;0;6;3;3;8,5;1;0;0;5;0;1;2;0;0;1;0;240;60;60
19;1;0;0;0;3;2;7;15;7;0;7;0;1;1;0;0;3;30;0;40;180
20;1;7;1;0;1;2;7,5;0;0;0;7;0;1;1;0;0;0;60;60;45;300
20;1;0;0;0;1;1;8;1;0;0;6;0;1;1;0;2;2;60;90;120;600
20;1;0;1;2;2;2;8;20;2;0;0;0;1;1;0;0;3;60;30;120;240
26;1;4;0;0;2;1;9,5;1,5;0;0;6;0;1;1;0;0;2;180;90;30;420
19;1;7;0;15;1;3;7,5;1;0;0;6;0;1;3;0;0;1;120;180;150;480
19;1;2;0;0;2;2;9;2;0;0;5;0;1;1;0;0;2;180;50;50;480
20;1;6;0;0;3;3;7,5;6;5;5;0;0;1;2;0;0;0;60;0;15;420
19;1;4;0;0;3;2;9,5;5;1;10;0;0;1;2;2;2;2;60;0;30;3600
19;0;3;0;0;2;3;8;4;2;3;1;1;1;2;1;1;3;150;60;120;360
21;1;18;1;0;3;3;9;4;1;0;0;10;1;1;0;0;3;60;45;;300
19;1;0;1;0;3;3;8,5;6;5;0;0;2;1;2;0;0;1;75;30;120;960
19;0;7;0;0;2;3;7,5;1;10;0;10;10;1;1;0;0;1;60;30;30;210
19;1;0;1;0;3;3;8,5;15;6;0;0;0;1;3;0;0;3;120;120;30;240
20;1;0;1;0;3;3;8;10;5;0;0;0;2;2;0;0;2;30;0;180;180
19;1;0;0;0;2;2;8,5;2;0;0;10;0;1;3;0;0;3;60;60;30;
20;1;0;1;2;3;3;7,5;1,5;0;0;10;0;1;3;0;0;1;30;60;30;240
19;1;0;0;0;2;3;8;1;0;0;10;0;1;3;0;0;2;120;120;40;420
19;0;10;1;0;2;2;8,5;4;0;7;0;0;1;2;0;0;2;240;0;20;300
19;1;4;0;4,5;3;3;9;0,5;0;0;5;0;1;1;0;0;0;90;60;20;120
19;1;22;0;0;3;3;9,5;0;0;0;10;0;1;1;0;0;3;660;300;0;
21;1;0;0;0;3;3;4,5;20;5;0;5;0;1;2;0;0;0;60;120;40;300
21;0;0;0;0;3;3;8,5;2;0;0;10;0;1;3;0;0;1;0;0;0;
31;1;5,5;1;2;3;3;6,5;6;10;0;0;0;1;1;0;0;1;90;120;120;420
31;1;5,5;1;2;3;3;6,5;6;10;0;0;0;1;1;0;0;1;90;120;120;420
19;1;6;0;0;3;3;7,5;4;10;3;6;0;1;1;0;0;3;120;30;20;1260
21;0;0;1;0;3;3;8,5;0,5;0;0;10;0;1;1;2;2;1;120;240;120;240
21;1;0;0;0;3;3;8,5;4;2;1;3;0;1;2;0;0;1;60;0;30;18
20;1;3;0;0;1;1;8;2;0;0;10;0;;5;0;0;1;120;120;120;240
20;1;4;0;0;2;2;9;15;4;1;0;0;1;2;0;2;1;60;0;30;180
20;1;0;0;0;2;2;7,5;1,5;0;0;5;0;1;2;0;1;3;60;60;90;120
25;0;0;1;0;3;3;9;1,5;0;0;10;0;1;1;0;0;3;210;60;20;300
19;0;12;1;0;3;3;10;3;3;0;2;0;1;1;0;0;1;0;0;;
29;0;0;1;0;2;1;8;4;0;10;0;0;1;2;0;1;2;90;120;1200;900
22;0;0;0;0;1;1;6;20;5;0;0;0;2;5;2;2;3;0;180;20;360
19;1;10;0;0;3;3;9,5;1;1;0;10;0;1;1;2;2;2;60;60;60;420
20;0;10;0;0;2;3;8;5;0;5;0;0;1;1;0;0;3;90;90;20;420
25;1;0;0;0;2;1;9;30;10;0;0;0;1;1;0;0;2;90;120;277;360
19;1;8;0;0;3;2;8,5;12;6;2;5;0;1;1;0;0;1;360;120;60;180
;1;8;1;0;3;2;8;0;0;0;10;0;1;1;0;0;3;60;60;50;360
;1;8;1;0;3;2;8;0;0;0;10;0;1;1;0;0;3;60;60;50;360
18;0;12;0;0;3;2;8,5;1,5;0;0;0;2;1;1;0;0;0;120;150;0;480
20;1;15;0;0;3;2;9,5;2;3;0;4;3;1;5;0;0;2;420;540;300;1080
24;0;0;1;0;3;3;7,5;1;0;0;10;0;1;2;1;1;1;30;60;60;180